# Source: Boscolo et al., Int. J. Mol. Sci. 2020, 21, 424, Figure 3 (time-dependent G-values of e_aq, H, O2m, HO2 in oxygenated water, 500 keV electrons).
# Digitized from the vector paths of the PDF figure (curve geometry calibrated on the axis ticks), sampled every half decade from 1e-12 to 1e-6 s.
# Digitization uncertainty: about +-0.02 G (about +-0.005 G for the H and HO2 panels, whose y scale is 5x finer).
# pO2 levels kept: 0, 0.5, 5, 10, 21 percent (the figure also has 0.015, 1 and 2.5 percent). Curve colour: 0 blue ... 21 red.
# Hardest to read: the 0 / 0.5 / 5 pO2 curves of e_aq and H before ~1e-10 s (they overlap within the line width); O2m and HO2 at 0 pO2 are not drawn separately (flat at the baseline) and are stored as 0.
# Paper text quotes G(O2m,21%,1e-6)=2.24, G(e_aq,0%,1e-6)=2.25, G(HO2,21%,1e-6)=0.66, G(H,21%,1e-6)=0.56 (the figure gives H(0%,1e-6) about 0.56).
species,pO2_pct,time_s,G
e_aq,0,1e-12,4.491
e_aq,0,3.16e-12,4.422
e_aq,0,1e-11,4.322
e_aq,0,3.16e-11,4.184
e_aq,0,1e-10,3.921
e_aq,0,3.16e-10,3.574
e_aq,0,1e-09,3.219
e_aq,0,3.16e-09,2.899
e_aq,0,1e-08,2.647
e_aq,0,3.16e-08,2.501
e_aq,0,1e-07,2.389
e_aq,0,3.16e-07,2.311
e_aq,0,1e-06,2.269
e_aq,0.5,1e-12,4.491
e_aq,0.5,3.16e-12,4.418
e_aq,0.5,1e-11,4.324
e_aq,0.5,3.16e-11,4.180
e_aq,0.5,1e-10,3.918
e_aq,0.5,3.16e-10,3.585
e_aq,0.5,1e-09,3.228
e_aq,0.5,3.16e-09,2.911
e_aq,0.5,1e-08,2.657
e_aq,0.5,3.16e-08,2.483
e_aq,0.5,1e-07,2.317
e_aq,0.5,3.16e-07,2.086
e_aq,0.5,1e-06,1.724
e_aq,5,1e-12,4.491
e_aq,5,3.16e-12,4.418
e_aq,5,1e-11,4.324
e_aq,5,3.16e-11,4.179
e_aq,5,1e-10,3.914
e_aq,5,3.16e-10,3.579
e_aq,5,1e-09,3.215
e_aq,5,3.16e-09,2.854
e_aq,5,1e-08,2.527
e_aq,5,3.16e-08,2.210
e_aq,5,1e-07,1.673
e_aq,5,3.16e-07,0.791
e_aq,5,1e-06,0.146
e_aq,10,1e-12,4.498
e_aq,10,3.16e-12,4.426
e_aq,10,1e-11,4.322
e_aq,10,3.16e-11,4.187
e_aq,10,1e-10,3.919
e_aq,10,3.16e-10,3.570
e_aq,10,1e-09,3.186
e_aq,10,3.16e-09,2.789
e_aq,10,1e-08,2.408
e_aq,10,3.16e-08,1.964
e_aq,10,1e-07,1.201
e_aq,10,3.16e-07,0.280
e_aq,10,1e-06,0.011
e_aq,21,1e-12,4.498
e_aq,21,3.16e-12,4.425
e_aq,21,1e-11,4.319
e_aq,21,3.16e-11,4.179
e_aq,21,1e-10,3.900
e_aq,21,3.16e-10,3.552
e_aq,21,1e-09,3.135
e_aq,21,3.16e-09,2.657
e_aq,21,1e-08,2.118
e_aq,21,3.16e-08,1.464
e_aq,21,1e-07,0.537
e_aq,21,3.16e-07,0.024
e_aq,21,1e-06,0.000
O2m,0,1e-12,0.000
O2m,0,3.16e-12,0.000
O2m,0,1e-11,0.000
O2m,0,3.16e-11,0.000
O2m,0,1e-10,0.000
O2m,0,3.16e-10,0.000
O2m,0,1e-09,0.000
O2m,0,3.16e-09,0.000
O2m,0,1e-08,0.000
O2m,0,3.16e-08,0.000
O2m,0,1e-07,0.000
O2m,0,3.16e-07,0.000
O2m,0,1e-06,0.000
O2m,0.5,1e-12,0.000
O2m,0.5,3.16e-12,0.000
O2m,0.5,1e-11,0.000
O2m,0.5,3.16e-11,0.000
O2m,0.5,1e-10,0.000
O2m,0.5,3.16e-10,0.001
O2m,0.5,1e-09,0.002
O2m,0.5,3.16e-09,0.007
O2m,0.5,1e-08,0.016
O2m,0.5,3.16e-08,0.033
O2m,0.5,1e-07,0.082
O2m,0.5,3.16e-07,0.234
O2m,0.5,1e-06,0.558
O2m,5,1e-12,0.000
O2m,5,3.16e-12,0.000
O2m,5,1e-11,0.001
O2m,5,3.16e-11,0.002
O2m,5,1e-10,0.004
O2m,5,3.16e-10,0.008
O2m,5,1e-09,0.020
O2m,5,3.16e-09,0.053
O2m,5,1e-08,0.130
O2m,5,3.16e-08,0.291
O2m,5,1e-07,0.715
O2m,5,3.16e-07,1.516
O2m,5,1e-06,2.123
O2m,10,1e-12,0.000
O2m,10,3.16e-12,0.000
O2m,10,1e-11,0.002
O2m,10,3.16e-11,0.004
O2m,10,1e-10,0.007
O2m,10,3.16e-10,0.015
O2m,10,1e-09,0.042
O2m,10,3.16e-09,0.110
O2m,10,1e-08,0.249
O2m,10,3.16e-08,0.535
O2m,10,1e-07,1.187
O2m,10,3.16e-07,2.030
O2m,10,1e-06,2.267
O2m,21,1e-12,0.000
O2m,21,3.16e-12,0.001
O2m,21,1e-11,0.005
O2m,21,3.16e-11,0.008
O2m,21,1e-10,0.018
O2m,21,3.16e-10,0.035
O2m,21,1e-09,0.087
O2m,21,3.16e-09,0.228
O2m,21,1e-08,0.514
O2m,21,3.16e-08,1.001
O2m,21,1e-07,1.812
O2m,21,3.16e-07,2.252
O2m,21,1e-06,2.241
H,0,1e-12,0.814
H,0,3.16e-12,0.796
H,0,1e-11,0.766
H,0,3.16e-11,0.722
H,0,1e-10,0.673
H,0,3.16e-10,0.634
H,0,1e-09,0.612
H,0,3.16e-09,0.604
H,0,1e-08,0.597
H,0,3.16e-08,0.581
H,0,1e-07,0.571
H,0,3.16e-07,0.564
H,0,1e-06,0.560
H,0.5,1e-12,0.814
H,0.5,3.16e-12,0.799
H,0.5,1e-11,0.767
H,0.5,3.16e-11,0.719
H,0.5,1e-10,0.672
H,0.5,3.16e-10,0.633
H,0.5,1e-09,0.608
H,0.5,3.16e-09,0.600
H,0.5,1e-08,0.583
H,0.5,3.16e-08,0.571
H,0.5,1e-07,0.550
H,0.5,3.16e-07,0.514
H,0.5,1e-06,0.443
H,5,1e-12,0.814
H,5,3.16e-12,0.799
H,5,1e-11,0.766
H,5,3.16e-11,0.721
H,5,1e-10,0.665
H,5,3.16e-10,0.624
H,5,1e-09,0.601
H,5,3.16e-09,0.591
H,5,1e-08,0.569
H,5,3.16e-08,0.522
H,5,1e-07,0.427
H,5,3.16e-07,0.240
H,5,1e-06,0.057
H,10,1e-12,0.827
H,10,3.16e-12,0.806
H,10,1e-11,0.776
H,10,3.16e-11,0.733
H,10,1e-10,0.675
H,10,3.16e-10,0.637
H,10,1e-09,0.611
H,10,3.16e-09,0.586
H,10,1e-08,0.543
H,10,3.16e-08,0.471
H,10,1e-07,0.313
H,10,3.16e-07,0.100
H,10,1e-06,0.000
H,21,1e-12,0.827
H,21,3.16e-12,0.807
H,21,1e-11,0.777
H,21,3.16e-11,0.730
H,21,1e-10,0.678
H,21,3.16e-10,0.635
H,21,1e-09,0.603
H,21,3.16e-09,0.566
H,21,1e-08,0.500
H,21,3.16e-08,0.382
H,21,1e-07,0.168
H,21,3.16e-07,0.012
H,21,1e-06,0.000
HO2,0,1e-12,0.000
HO2,0,3.16e-12,0.000
HO2,0,1e-11,0.000
HO2,0,3.16e-11,0.000
HO2,0,1e-10,0.000
HO2,0,3.16e-10,0.000
HO2,0,1e-09,0.000
HO2,0,3.16e-09,0.000
HO2,0,1e-08,0.000
HO2,0,3.16e-08,0.000
HO2,0,1e-07,0.000
HO2,0,3.16e-07,0.000
HO2,0,1e-06,0.000
HO2,0.5,1e-12,0.000
HO2,0.5,3.16e-12,0.000
HO2,0.5,1e-11,0.000
HO2,0.5,3.16e-11,0.000
HO2,0.5,1e-10,0.000
HO2,0.5,3.16e-10,0.000
HO2,0.5,1e-09,0.000
HO2,0.5,3.16e-09,0.001
HO2,0.5,1e-08,0.003
HO2,0.5,3.16e-08,0.007
HO2,0.5,1e-07,0.019
HO2,0.5,3.16e-07,0.052
HO2,0.5,1e-06,0.122
HO2,5,1e-12,0.000
HO2,5,3.16e-12,0.000
HO2,5,1e-11,0.000
HO2,5,3.16e-11,0.000
HO2,5,1e-10,0.000
HO2,5,3.16e-10,0.001
HO2,5,1e-09,0.003
HO2,5,3.16e-09,0.011
HO2,5,1e-08,0.028
HO2,5,3.16e-08,0.066
HO2,5,1e-07,0.159
HO2,5,3.16e-07,0.352
HO2,5,1e-06,0.544
HO2,10,1e-12,0.000
HO2,10,3.16e-12,0.000
HO2,10,1e-11,0.000
HO2,10,3.16e-11,0.000
HO2,10,1e-10,0.001
HO2,10,3.16e-10,0.003
HO2,10,1e-09,0.009
HO2,10,3.16e-09,0.024
HO2,10,1e-08,0.056
HO2,10,3.16e-08,0.126
HO2,10,1e-07,0.285
HO2,10,3.16e-07,0.512
HO2,10,1e-06,0.617
HO2,21,1e-12,0.000
HO2,21,3.16e-12,0.000
HO2,21,1e-11,0.001
HO2,21,3.16e-11,0.001
HO2,21,1e-10,0.002
HO2,21,3.16e-10,0.005
HO2,21,1e-09,0.015
HO2,21,3.16e-09,0.043
HO2,21,1e-08,0.110
HO2,21,3.16e-08,0.227
HO2,21,1e-07,0.458
HO2,21,3.16e-07,0.637
HO2,21,1e-06,0.661
